{
    "ai_mode": "balance",
    "ai_krw": 26291878.52152761,
    "ai_hold": {
        "KRW-XRP": 3708.015195283575,
        "KRW-ETH": 1.6441151016972926,
        "KRW-BTC": 0.12389597165272205,
        "KRW-SOL": 110.15614812225634,
        "KRW-SUI": 7308.413952011021,
        "KRW-ONDO": 21886.18970474153,
        "KRW-ZRX": 49721.3751295582
    },
    "ai_avg": {
        "KRW-XRP": 2074.5765929196687,
        "KRW-ETH": 2870453.142553697,
        "KRW-BTC": 99137530.16536662,
        "KRW-SOL": 121967.58096131726,
        "KRW-SUI": 1377.3800213549312,
        "KRW-ONDO": 386.72324769459397,
        "KRW-ZRX": 158.00021892946657
    },
    "agents": {
        "전략 잼": {
            "cash": 6218873.1788281975,
            "profit": -32316.79970311312,
            "vault": 1138941.8144688588,
            "holds": {
                "KRW-BTC": 0.0037967874206812752,
                "USDT-BTC": 0.0004889054712936595,
                "KRW-ETH": 0.728357313074054,
                "USDT-ETH": 0.0,
                "KRW-SOL": 26.329539760857585,
                "USDT-SOL": 7.988547597727191,
                "KRW-XRP": 150.68825215564192,
                "KRW-ZRX": 13912.342988108956,
                "KRW-SUI": 1370.6499420929556,
                "KRW-ONDO": 918.6316874130367
            },
            "wins": 277,
            "losses": 385,
            "history": [
                {
                    "date": "02.20",
                    "d_prof": -32316.79970311312,
                    "c_prof": -32316.79970311312,
                    "d_rate": -0.19390079821867873,
                    "c_rate": -0.19390079821867873,
                    "b_asset": 10000000.0,
                    "e_asset": 16634349.866963552
                }
            ],
            "cash_krw": 3860545.9403467253,
            "cash_usdt": 2753.698890612598,
            "profit_krw": -2419.561574310489,
            "profit_usdt": -0.7288274136538644
        },
        "수집 잼": {
            "cash": 3267551.4562553097,
            "profit": -29351.029682916895,
            "vault": 400759.88479748555,
            "holds": {
                "KRW-BTC": 0.03714232136492566,
                "USDT-BTC": 0.018469151554680572,
                "KRW-ETH": 0.5440573082990784,
                "USDT-ETH": 0.02011044166701062,
                "KRW-SOL": 14.14101995465127,
                "USDT-SOL": 0.0,
                "KRW-XRP": 720.8480458985683,
                "KRW-SUI": 1499.7546518740098,
                "KRW-ONDO": 3250.74215318483,
                "KRW-ZRX": 9842.329941287959
            },
            "wins": 168,
            "losses": 237,
            "history": [
                {
                    "date": "02.20",
                    "d_prof": -29351.029682916895,
                    "c_prof": -29351.029682916895,
                    "d_rate": -0.17610617809750137,
                    "c_rate": -0.17610617809750137,
                    "b_asset": 10000000.0,
                    "e_asset": 16637315.636983749
                }
            ],
            "cash_krw": 4634939.6435967,
            "cash_usdt": 2163.624137101615,
            "profit_krw": 0.0,
            "profit_usdt": 1.6126444779579572
        },
        "정렬 잼": {
            "cash": 8031919.545525168,
            "profit": -39225.875435137656,
            "vault": 1277568.22022718,
            "holds": {
                "KRW-BTC": 0.011657305928827683,
                "USDT-BTC": 0.0,
                "KRW-ETH": 0.5117251334693362,
                "USDT-ETH": 0.29231270795089226,
                "KRW-SOL": 9.090932028323468,
                "USDT-SOL": 0.0,
                "KRW-XRP": 504.3950081673012,
                "KRW-SUI": 718.8403383941704,
                "KRW-ONDO": 3487.913399404458,
                "KRW-ZRX": 9313.04723339577
            },
            "wins": 268,
            "losses": 402,
            "history": [
                {
                    "date": "02.20",
                    "d_prof": -39225.875435137656,
                    "c_prof": -39225.875435137656,
                    "d_rate": -0.23535525261082596,
                    "c_rate": -0.23535525261082596,
                    "b_asset": 10000000.0,
                    "e_asset": 16627440.791231528
                }
            ],
            "cash_krw": 3723401.765933688,
            "cash_usdt": 2878.8034299014794,
            "profit_krw": 0.0,
            "profit_usdt": 0.0
        },
        "타이밍 잼": {
            "cash": 4339327.084513761,
            "profit": -26331.31506514115,
            "vault": 2424691.014667392,
            "holds": {
                "KRW-BTC": 0.01812595373370397,
                "USDT-BTC": 0.01899806188202338,
                "KRW-ETH": 0.3981965110636941,
                "USDT-ETH": 0.0,
                "KRW-SOL": 12.721441713888169,
                "USDT-SOL": 4.880849034269935,
                "KRW-XRP": 63.90104837212655,
                "KRW-SUI": 2482.491182085464,
                "KRW-ONDO": 8215.178721664357,
                "KRW-ZRX": 6675.65157421539
            },
            "wins": 247,
            "losses": 361,
            "history": [
                {
                    "date": "02.20",
                    "d_prof": -26331.31506514115,
                    "c_prof": -26331.31506514115,
                    "d_rate": -0.1579878903908469,
                    "c_rate": -0.1579878903908469,
                    "b_asset": 10000000.0,
                    "e_asset": 16640335.351601524
                }
            ],
            "cash_krw": 2606917.49526316,
            "cash_usdt": 1761.9510307904957,
            "profit_krw": -6331.004979953536,
            "profit_usdt": 8.198921241061294
        },
        "가디언 잼": {
            "cash": 4384541.37860388,
            "profit": -71710.9259152959,
            "vault": 2948018.294052167,
            "holds": {
                "KRW-BTC": 0.016364330376816782,
                "USDT-BTC": 0.012403394361841055,
                "KRW-ETH": 0.20270041126996508,
                "USDT-ETH": 0.0,
                "KRW-SOL": 26.83257221596122,
                "USDT-SOL": 0.07953995935709302,
                "KRW-XRP": 1403.7149837787945,
                "KRW-SUI": 929.5456591276982,
                "KRW-ONDO": 3194.16687807072,
                "KRW-ZRX": 8294.205542470934
            },
            "wins": 192,
            "losses": 294,
            "history": [
                {
                    "date": "02.20",
                    "d_prof": -71710.9259152959,
                    "c_prof": -71710.9259152959,
                    "d_rate": -0.4302655554917754,
                    "c_rate": -0.4302655554917754,
                    "b_asset": 10000000.0,
                    "e_asset": 16594955.74075137
                }
            ],
            "cash_krw": 2051528.1185526385,
            "cash_usdt": 2605.8905781918147,
            "profit_krw": 0.0,
            "profit_usdt": -0.020205928494968606
        },
        "행동 잼": {
            "cash": 49665.87780125559,
            "profit": 11593.755218859573,
            "vault": 814313.7438730672,
            "holds": {
                "KRW-BTC": 0.058219365634341665,
                "USDT-BTC": 0.0,
                "KRW-ETH": 0.018532719315037603,
                "USDT-ETH": 0.283663135892842,
                "KRW-SOL": 43.27351125871407,
                "USDT-SOL": 0.0,
                "KRW-XRP": 1760.6825973553614,
                "KRW-ONDO": 2819.556865004135,
                "KRW-ZRX": 1683.7978500793035,
                "KRW-SUI": 307.1321784367343
            },
            "wins": 13,
            "losses": 6,
            "history": [
                {
                    "date": "02.20",
                    "d_prof": 11593.755218859573,
                    "c_prof": 11593.755218859573,
                    "d_rate": 0.06956253131315744,
                    "c_rate": 0.06956253131315744,
                    "b_asset": 10000000.0,
                    "e_asset": 16678260.421885526
                }
            ],
            "cash_krw": 4221363.194087885,
            "cash_usdt": 2895.7052126772332,
            "profit_krw": 6080.307873822593,
            "profit_usdt": 0.0
        }
    },
    "hist": [
        {
            "time": "13:17:14",
            "full_time": "2026-02-20 13:17:14",
            "order_time": "2026-02-20 13:17:13",
            "ai": "수집 잼",
            "coin": "SOL",
            "market": "KRW",
            "side": "매수",
            "qty": 1.4107989535232979,
            "price": 121900.0,
            "tot": 171976.39243449,
            "fee": 85.988196217245,
            "settle": 172062.38063070725
        },
        {
            "time": "13:17:13",
            "full_time": "2026-02-20 13:17:13",
            "order_time": "2026-02-20 13:17:11",
            "ai": "가디언 잼",
            "coin": "XRP",
            "market": "KRW",
            "side": "매수",
            "qty": 111.31950589290578,
            "price": 2073.0,
            "tot": 230765.3357159937,
            "fee": 115.38266785799685,
            "settle": 230880.7183838517
        },
        {
            "time": "13:17:12",
            "full_time": "2026-02-20 13:17:12",
            "order_time": "2026-02-20 13:17:10",
            "ai": "전략 잼",
            "coin": "BTC",
            "market": "KRW",
            "side": "매도",
            "qty": 0.0025311916137875172,
            "price": 99100000.0,
            "tot": 250841.08892634296,
            "fee": 125.42054446317148,
            "settle": 250715.66838187978
        },
        {
            "time": "13:17:11",
            "full_time": "2026-02-20 13:17:11",
            "order_time": "2026-02-20 13:17:09",
            "ai": "수집 잼",
            "coin": "ONDO",
            "market": "KRW",
            "side": "매수",
            "qty": 467.77204524545084,
            "price": 387.0,
            "tot": 181027.78150998947,
            "fee": 90.51389075499473,
            "settle": 181118.29540074445
        },
        {
            "time": "13:17:09",
            "full_time": "2026-02-20 13:17:09",
            "order_time": "2026-02-20 13:17:07",
            "ai": "수집 잼",
            "coin": "XRP",
            "market": "KRW",
            "side": "매수",
            "qty": 91.92260467158681,
            "price": 2073.0,
            "tot": 190555.55948419945,
            "fee": 95.27777974209972,
            "settle": 190650.83726394153
        },
        {
            "time": "13:17:08",
            "full_time": "2026-02-20 13:17:08",
            "order_time": "2026-02-20 13:17:07",
            "ai": "전략 잼",
            "coin": "ETH",
            "market": "KRW",
            "side": "매수",
            "qty": 0.18075907773088773,
            "price": 2871000.0,
            "tot": 518959.31216537865,
            "fee": 259.4796560826893,
            "settle": 519218.79182146135
        },
        {
            "time": "13:17:07",
            "full_time": "2026-02-20 13:17:07",
            "order_time": "2026-02-20 13:17:06",
            "ai": "수집 잼",
            "coin": "SUI",
            "market": "KRW",
            "side": "매수",
            "qty": 145.77383681471807,
            "price": 1376.0,
            "tot": 200584.79945705205,
            "fee": 100.29239972852604,
            "settle": 200685.09185678058
        },
        {
            "time": "13:17:07",
            "full_time": "2026-02-20 13:17:07",
            "order_time": "2026-02-20 13:17:06",
            "ai": "수집 잼",
            "coin": "ZRX",
            "market": "KRW",
            "side": "매수",
            "qty": 1336.3411023121391,
            "price": 158.0,
            "tot": 211141.894165318,
            "fee": 105.570947082659,
            "settle": 211247.46511240065
        },
        {
            "time": "13:17:06",
            "full_time": "2026-02-20 13:17:06",
            "order_time": "2026-02-20 13:17:04",
            "ai": "전략 잼",
            "coin": "SUI",
            "market": "KRW",
            "side": "매수",
            "qty": 409.9463727292235,
            "price": 1376.0,
            "tot": 564086.2088754115,
            "fee": 282.0431044377058,
            "settle": 564368.2519798493
        },
        {
            "time": "13:17:05",
            "full_time": "2026-02-20 13:17:05",
            "order_time": "2026-02-20 13:17:04",
            "ai": "수집 잼",
            "coin": "XRP",
            "market": "KRW",
            "side": "매수",
            "qty": 107.21400165806888,
            "price": 2073.0,
            "tot": 222254.6254371768,
            "fee": 111.1273127185884,
            "settle": 222365.7527498954
        },
        {
            "time": "13:17:04",
            "full_time": "2026-02-20 13:17:04",
            "order_time": "2026-02-20 13:17:02",
            "ai": "정렬 잼",
            "coin": "SOL",
            "market": "KRW",
            "side": "매수",
            "qty": 3.4650213742558966,
            "price": 122000.0,
            "tot": 422732.6076592194,
            "fee": 211.3663038296097,
            "settle": 422943.973963049
        },
        {
            "time": "13:17:03",
            "full_time": "2026-02-20 13:17:03",
            "order_time": "2026-02-20 13:17:02",
            "ai": "가디언 잼",
            "coin": "SUI",
            "market": "KRW",
            "side": "매도",
            "qty": 619.6971060851322,
            "price": 1376.0,
            "tot": 852703.2179731419,
            "fee": 426.35160898657097,
            "settle": 852276.8663641553
        },
        {
            "time": "13:17:02",
            "full_time": "2026-02-20 13:17:02",
            "order_time": "2026-02-20 13:17:00",
            "ai": "정렬 잼",
            "coin": "SOL",
            "market": "KRW",
            "side": "매도",
            "qty": 1.406477663516893,
            "price": 122000.0,
            "tot": 171590.27494906093,
            "fee": 85.79513747453046,
            "settle": 171504.4798115864
        },
        {
            "time": "13:17:01",
            "full_time": "2026-02-20 13:17:01",
            "order_time": "2026-02-20 13:17:00",
            "ai": "전략 잼",
            "coin": "XRP",
            "market": "KRW",
            "side": "매도",
            "qty": 100.45883477042797,
            "price": 2074.0,
            "tot": 208351.6233138676,
            "fee": 104.1758116569338,
            "settle": 208247.44750221068
        },
        {
            "time": "13:17:00",
            "full_time": "2026-02-20 13:17:00",
            "order_time": "2026-02-20 13:16:59",
            "ai": "전략 잼",
            "coin": "SUI",
            "market": "KRW",
            "side": "매수",
            "qty": 432.4270720190076,
            "price": 1376.0,
            "tot": 595019.6510981545,
            "fee": 297.5098255490773,
            "settle": 595317.1609237036
        },
        {
            "time": "13:16:59",
            "full_time": "2026-02-20 13:16:59",
            "order_time": "2026-02-20 13:16:57",
            "ai": "전략 잼",
            "coin": "SUI",
            "market": "KRW",
            "side": "매수",
            "qty": 470.0294261076169,
            "price": 1376.0,
            "tot": 646760.4903240809,
            "fee": 323.38024516204047,
            "settle": 647083.870569243
        },
        {
            "time": "13:16:58",
            "full_time": "2026-02-20 13:16:58",
            "order_time": "2026-02-20 13:16:56",
            "ai": "수집 잼",
            "coin": "BTC",
            "market": "KRW",
            "side": "매수",
            "qty": 0.0023606978325811665,
            "price": 99103000.0,
            "tot": 233952.23730229135,
            "fee": 116.97611865114568,
            "settle": 234069.21342094248
        },
        {
            "time": "13:16:57",
            "full_time": "2026-02-20 13:16:57",
            "order_time": "2026-02-20 13:16:56",
            "ai": "수집 잼",
            "coin": "SUI",
            "market": "KRW",
            "side": "매수",
            "qty": 178.9720297600148,
            "price": 1376.0,
            "tot": 246265.5129497804,
            "fee": 123.1327564748902,
            "settle": 246388.64570625528
        },
        {
            "time": "13:16:56",
            "full_time": "2026-02-20 13:16:56",
            "order_time": "2026-02-20 13:16:54",
            "ai": "전략 잼",
            "coin": "SOL",
            "market": "KRW",
            "side": "매수",
            "qty": 5.762299450499652,
            "price": 122000.0,
            "tot": 703000.5329609576,
            "fee": 351.50026648047884,
            "settle": 703352.0332274381
        },
        {
            "time": "13:16:55",
            "full_time": "2026-02-20 13:16:55",
            "order_time": "2026-02-20 13:16:53",
            "ai": "정렬 잼",
            "coin": "SOL",
            "market": "KRW",
            "side": "매도",
            "qty": 1.7580970793961161,
            "price": 122000.0,
            "tot": 214487.84368632617,
            "fee": 107.2439218431631,
            "settle": 214380.59976448302
        },
        {
            "time": "13:16:54",
            "full_time": "2026-02-20 13:16:54",
            "order_time": "2026-02-20 13:16:53",
            "ai": "정렬 잼",
            "coin": "SOL",
            "market": "KRW",
            "side": "매도",
            "qty": 2.197621349245145,
            "price": 122000.0,
            "tot": 268109.8046079077,
            "fee": 134.05490230395387,
            "settle": 267975.74970560375
        },
        {
            "time": "13:16:52",
            "full_time": "2026-02-20 13:16:52",
            "order_time": "2026-02-20 13:16:51",
            "ai": "가디언 잼",
            "coin": "SUI",
            "market": "KRW",
            "side": "매수",
            "qty": 143.60533935142675,
            "price": 1379.0,
            "tot": 198031.7629656175,
            "fee": 99.01588148280875,
            "settle": 198130.7788471003
        },
        {
            "time": "13:16:51",
            "full_time": "2026-02-20 13:16:51",
            "order_time": "2026-02-20 13:16:49",
            "ai": "수집 잼",
            "coin": "ETH",
            "market": "KRW",
            "side": "매수",
            "qty": 0.09035442862900346,
            "price": 2869000.0,
            "tot": 259226.85573661092,
            "fee": 129.61342786830545,
            "settle": 259356.46916447923
        },
        {
            "time": "13:16:50",
            "full_time": "2026-02-20 13:16:50",
            "order_time": "2026-02-20 13:16:49",
            "ai": "정렬 잼",
            "coin": "XRP",
            "market": "KRW",
            "side": "매도",
            "qty": 126.09875204182532,
            "price": 2073.0,
            "tot": 261402.7129827039,
            "fee": 130.70135649135196,
            "settle": 261272.01162621254
        },
        {
            "time": "13:16:49",
            "full_time": "2026-02-20 13:16:49",
            "order_time": "2026-02-20 13:16:47",
            "ai": "전략 잼",
            "coin": "ONDO",
            "market": "KRW",
            "side": "매도",
            "qty": 612.4211249420244,
            "price": 387.0,
            "tot": 237006.97535256346,
            "fee": 118.50348767628174,
            "settle": 236888.47186488716
        },
        {
            "time": "13:16:48",
            "full_time": "2026-02-20 13:16:48",
            "order_time": "2026-02-20 13:16:47",
            "ai": "수집 잼",
            "coin": "XRP",
            "market": "KRW",
            "side": "매도",
            "qty": 223.59061695810541,
            "price": 2073.0,
            "tot": 463503.34895415255,
            "fee": 231.75167447707628,
            "settle": 463271.5972796755
        },
        {
            "time": "13:16:47",
            "full_time": "2026-02-20 13:16:47",
            "order_time": "2026-02-20 13:16:45",
            "ai": "타이밍 잼",
            "coin": "ONDO",
            "market": "KRW",
            "side": "매수",
            "qty": 590.1437623437728,
            "price": 387.0,
            "tot": 228385.63602704008,
            "fee": 114.19281801352004,
            "settle": 228499.8288450536
        },
        {
            "time": "13:16:46",
            "full_time": "2026-02-20 13:16:46",
            "order_time": "2026-02-20 13:16:44",
            "ai": "전략 잼",
            "coin": "ONDO",
            "market": "KRW",
            "side": "매도",
            "qty": 1020.7018749033741,
            "price": 387.0,
            "tot": 395011.62558760575,
            "fee": 197.50581279380287,
            "settle": 394814.11977481196
        },
        {
            "time": "13:16:45",
            "full_time": "2026-02-20 13:16:45",
            "order_time": "2026-02-20 13:16:43",
            "ai": "타이밍 잼",
            "coin": "ZRX",
            "market": "KRW",
            "side": "매도",
            "qty": 2860.993531806596,
            "price": 158.0,
            "tot": 452036.97802544216,
            "fee": 226.0184890127211,
            "settle": 451810.95953642944
        },
        {
            "time": "13:16:44",
            "full_time": "2026-02-20 13:16:44",
            "order_time": "2026-02-20 13:16:42",
            "ai": "수집 잼",
            "coin": "ETH",
            "market": "KRW",
            "side": "매수",
            "qty": 0.08657681580374227,
            "price": 2870000.0,
            "tot": 248475.4613567403,
            "fee": 124.23773067837016,
            "settle": 248599.69908741867
        },
        {
            "time": "13:16:43",
            "full_time": "2026-02-20 13:16:43",
            "order_time": "2026-02-20 13:16:41",
            "ai": "타이밍 잼",
            "coin": "SUI",
            "market": "KRW",
            "side": "매수",
            "qty": 995.5674268300336,
            "price": 1378.0,
            "tot": 1371891.9141717863,
            "fee": 685.9459570858932,
            "settle": 1372577.860128872
        },
        {
            "time": "13:16:42",
            "full_time": "2026-02-20 13:16:42",
            "order_time": "2026-02-20 13:16:41",
            "ai": "가디언 잼",
            "coin": "SOL",
            "market": "KRW",
            "side": "매수",
            "qty": 1.7086433387887616,
            "price": 122000.0,
            "tot": 208454.48733222892,
            "fee": 104.22724366611446,
            "settle": 208558.71457589502
        },
        {
            "time": "13:16:41",
            "full_time": "2026-02-20 13:16:41",
            "order_time": "2026-02-20 13:16:40",
            "ai": "타이밍 잼",
            "coin": "SUI",
            "market": "KRW",
            "side": "매도",
            "qty": 637.253037966613,
            "price": 1378.0,
            "tot": 878134.6863179926,
            "fee": 439.0673431589963,
            "settle": 877695.6189748336
        },
        {
            "time": "13:16:41",
            "full_time": "2026-02-20 13:16:41",
            "order_time": "2026-02-20 13:16:40",
            "ai": "전략 잼",
            "coin": "BTC",
            "market": "KRW",
            "side": "매도",
            "qty": 0.004218652689645862,
            "price": 99104000.0,
            "tot": 418085.3561546635,
            "fee": 209.04267807733174,
            "settle": 417876.31347658613
        },
        {
            "time": "13:16:40",
            "full_time": "2026-02-20 13:16:40",
            "order_time": "2026-02-20 13:16:38",
            "ai": "수집 잼",
            "coin": "SUI",
            "market": "KRW",
            "side": "매수",
            "qty": 189.80632599246837,
            "price": 1378.0,
            "tot": 261553.11721762142,
            "fee": 130.77655860881072,
            "settle": 261683.89377623022
        },
        {
            "time": "13:16:39",
            "full_time": "2026-02-20 13:16:39",
            "order_time": "2026-02-20 13:16:37",
            "ai": "정렬 잼",
            "coin": "ONDO",
            "market": "KRW",
            "side": "매도",
            "qty": 871.9783498511144,
            "price": 387.0,
            "tot": 337455.62139238126,
            "fee": 168.72781069619063,
            "settle": 337286.8935816851
        },
        {
            "time": "13:16:38",
            "full_time": "2026-02-20 13:16:38",
            "order_time": "2026-02-20 13:16:37",
            "ai": "가디언 잼",
            "coin": "ZRX",
            "market": "KRW",
            "side": "매도",
            "qty": 5529.470361647291,
            "price": 158.0,
            "tot": 873656.3171402719,
            "fee": 436.82815857013594,
            "settle": 873219.4889817018
        },
        {
            "time": "13:16:37",
            "full_time": "2026-02-20 13:16:37",
            "order_time": "2026-02-20 13:16:35",
            "ai": "정렬 잼",
            "coin": "ZRX",
            "market": "KRW",
            "side": "매수",
            "qty": 2398.9360078501027,
            "price": 158.0,
            "tot": 379031.88924031623,
            "fee": 189.5159446201581,
            "settle": 379221.4051849364
        },
        {
            "time": "13:16:36",
            "full_time": "2026-02-20 13:16:36",
            "order_time": "2026-02-20 13:16:35",
            "ai": "전략 잼",
            "coin": "ETH",
            "market": "KRW",
            "side": "매도",
            "qty": 0.36506549022877754,
            "price": 2869000.0,
            "tot": 1047372.8914663628,
            "fee": 523.6864457331814,
            "settle": 1046849.2050206296
        },
        {
            "time": "13:16:35",
            "full_time": "2026-02-20 13:16:35",
            "order_time": "2026-02-20 13:16:34",
            "ai": "가디언 잼",
            "coin": "BTC",
            "market": "KRW",
            "side": "매수",
            "qty": 0.0017501020605494473,
            "price": 99105000.0,
            "tot": 173443.86471075297,
            "fee": 86.72193235537648,
            "settle": 173530.58664310834
        },
        {
            "time": "13:16:35",
            "full_time": "2026-02-20 13:16:35",
            "order_time": "2026-02-20 13:16:34",
            "ai": "타이밍 잼",
            "coin": "BTC",
            "market": "KRW",
            "side": "매도",
            "qty": 0.007768265885873129,
            "price": 99105000.0,
            "tot": 769873.9906194565,
            "fee": 384.9369953097283,
            "settle": 769489.0536241467
        },
        {
            "time": "13:16:34",
            "full_time": "2026-02-20 13:16:34",
            "order_time": "2026-02-20 13:16:32",
            "ai": "정렬 잼",
            "coin": "BTC",
            "market": "KRW",
            "side": "매도",
            "qty": 0.0029143264822069207,
            "price": 99105000.0,
            "tot": 288824.32601911685,
            "fee": 144.41216300955844,
            "settle": 288679.9138561073
        },
        {
            "time": "13:16:33",
            "full_time": "2026-02-20 13:16:33",
            "order_time": "2026-02-20 13:16:31",
            "ai": "가디언 잼",
            "coin": "ZRX",
            "market": "KRW",
            "side": "매수",
            "qty": 5488.729895909904,
            "price": 158.0,
            "tot": 867219.3235537648,
            "fee": 433.60966177688243,
            "settle": 867652.9332155418
        },
        {
            "time": "13:16:32",
            "full_time": "2026-02-20 13:16:32",
            "order_time": "2026-02-20 13:16:30",
            "ai": "타이밍 잼",
            "coin": "ONDO",
            "market": "KRW",
            "side": "매도",
            "qty": 3267.8721254231077,
            "price": 387.0,
            "tot": 1264666.5125387427,
            "fee": 632.3332562693714,
            "settle": 1264034.1792824734
        },
        {
            "time": "13:16:31",
            "full_time": "2026-02-20 13:16:31",
            "order_time": "2026-02-20 13:16:29",
            "ai": "정렬 잼",
            "coin": "ETH",
            "market": "KRW",
            "side": "매도",
            "qty": 0.12793128336733406,
            "price": 2869000.0,
            "tot": 367034.8519808814,
            "fee": 183.5174259904407,
            "settle": 366851.334554891
        },
        {
            "time": "13:16:30",
            "full_time": "2026-02-20 13:16:30",
            "order_time": "2026-02-20 13:16:28",
            "ai": "가디언 잼",
            "coin": "SOL",
            "market": "KRW",
            "side": "매수",
            "qty": 8.885443888870542,
            "price": 122000.0,
            "tot": 1084024.154442206,
            "fee": 542.012077221103,
            "settle": 1084566.1665194272
        },
        {
            "time": "13:16:29",
            "full_time": "2026-02-20 13:16:29",
            "order_time": "2026-02-20 13:16:27",
            "ai": "가디언 잼",
            "coin": "ETH",
            "market": "KRW",
            "side": "매도",
            "qty": 0.13513360751331005,
            "price": 2869000.0,
            "tot": 387698.3199556865,
            "fee": 193.84915997784327,
            "settle": 387504.47079570865
        },
        {
            "time": "13:16:28",
            "full_time": "2026-02-20 13:16:28",
            "order_time": "2026-02-20 13:16:26",
            "ai": "전략 잼",
            "coin": "XRP",
            "market": "KRW",
            "side": "매도",
            "qty": 167.43139128404664,
            "price": 2073.0,
            "tot": 347085.2741318287,
            "fee": 173.54263706591433,
            "settle": 346911.73149476276
        },
        {
            "time": "13:16:27",
            "full_time": "2026-02-20 13:16:27",
            "order_time": "2026-02-20 13:16:26",
            "ai": "수집 잼",
            "coin": "XRP",
            "market": "KRW",
            "side": "매수",
            "qty": 132.74786439507758,
            "price": 2074.0,
            "tot": 275319.0707553909,
            "fee": 137.65953537769545,
            "settle": 275456.7302907686
        },
        {
            "time": "13:16:26",
            "full_time": "2026-02-20 13:16:26",
            "order_time": "2026-02-20 13:16:24",
            "ai": "정렬 잼",
            "coin": "XRP",
            "market": "KRW",
            "side": "매수",
            "qty": 175.72904143547495,
            "price": 2074.0,
            "tot": 364462.0319371751,
            "fee": 182.23101596858754,
            "settle": 364644.2629531437
        },
        {
            "time": "13:16:26",
            "full_time": "2026-02-20 13:16:26",
            "order_time": "2026-02-20 13:16:24",
            "ai": "전략 잼",
            "coin": "BTC",
            "market": "KRW",
            "side": "매도",
            "qty": 0.007031087816076437,
            "price": 99105000.0,
            "tot": 696815.9580122554,
            "fee": 348.4079790061277,
            "settle": 696467.5500332492
        },
        {
            "time": "13:16:25",
            "full_time": "2026-02-20 13:16:25",
            "order_time": "2026-02-20 13:16:23",
            "ai": "가디언 잼",
            "coin": "BTC",
            "market": "KRW",
            "side": "매도",
            "qty": 0.009742818877511557,
            "price": 99105000.0,
            "tot": 965562.0648557828,
            "fee": 482.7810324278914,
            "settle": 965079.2838233549
        },
        {
            "time": "13:16:23",
            "full_time": "2026-02-20 13:16:23",
            "order_time": "2026-02-20 13:16:21",
            "ai": "타이밍 잼",
            "coin": "ZRX",
            "market": "KRW",
            "side": "매수",
            "qty": 857.7256719556809,
            "price": 158.0,
            "tot": 135520.65616899758,
            "fee": 67.7603280844988,
            "settle": 135588.41649708207
        },
        {
            "time": "13:16:22",
            "full_time": "2026-02-20 13:16:22",
            "order_time": "2026-02-20 13:16:21",
            "ai": "정렬 잼",
            "coin": "SUI",
            "market": "KRW",
            "side": "매도",
            "qty": 179.7100845985426,
            "price": 1378.0,
            "tot": 247640.49657679172,
            "fee": 123.82024828839586,
            "settle": 247516.67632850332
        },
        {
            "time": "13:16:21",
            "full_time": "2026-02-20 13:16:21",
            "order_time": "2026-02-20 13:16:19",
            "ai": "전략 잼",
            "coin": "SUI",
            "market": "KRW",
            "side": "매도",
            "qty": 38.83138082473834,
            "price": 1378.0,
            "tot": 53509.64277648943,
            "fee": 26.754821388244718,
            "settle": 53482.887955101185
        },
        {
            "time": "13:16:20",
            "full_time": "2026-02-20 13:16:20",
            "order_time": "2026-02-20 13:16:19",
            "ai": "전략 잼",
            "coin": "ONDO",
            "market": "KRW",
            "side": "매수",
            "qty": 1256.6271067363675,
            "price": 387.0,
            "tot": 486314.6903069742,
            "fee": 243.1573451534871,
            "settle": 486557.84765212773
        },
        {
            "time": "13:16:19",
            "full_time": "2026-02-20 13:16:19",
            "order_time": "2026-02-20 13:16:18",
            "ai": "타이밍 잼",
            "coin": "ONDO",
            "market": "KRW",
            "side": "매수",
            "qty": 2334.550493867314,
            "price": 387.0,
            "tot": 903471.0411266505,
            "fee": 451.7355205633253,
            "settle": 903922.7766472138
        },
        {
            "time": "13:16:18",
            "full_time": "2026-02-20 13:16:18",
            "order_time": "2026-02-20 13:16:16",
            "ai": "전략 잼",
            "coin": "ZRX",
            "market": "KRW",
            "side": "매수",
            "qty": 3345.588128143742,
            "price": 158.0,
            "tot": 528602.9242467112,
            "fee": 264.3014621233556,
            "settle": 528867.2257088346
        },
        {
            "time": "13:16:17",
            "full_time": "2026-02-20 13:16:17",
            "order_time": "2026-02-20 13:16:15",
            "ai": "수집 잼",
            "coin": "ONDO",
            "market": "KRW",
            "side": "매수",
            "qty": 748.8618815596109,
            "price": 387.0,
            "tot": 289809.5481635694,
            "fee": 144.90477408178472,
            "settle": 289954.4529376512
        },
        {
            "time": "13:16:17",
            "full_time": "2026-02-20 13:16:17",
            "order_time": "2026-02-20 13:16:16",
            "ai": "가디언 잼",
            "coin": "SUI",
            "market": "KRW",
            "side": "매수",
            "qty": 155.3303944465496,
            "price": 1378.0,
            "tot": 214045.28354734535,
            "fee": 107.02264177367267,
            "settle": 214152.30618911903
        },
        {
            "time": "13:16:15",
            "full_time": "2026-02-20 13:16:15",
            "order_time": "2026-02-20 13:16:14",
            "ai": "정렬 잼",
            "coin": "XRP",
            "market": "KRW",
            "side": "매수",
            "qty": 178.69360356713977,
            "price": 2074.0,
            "tot": 370610.53379824787,
            "fee": 185.30526689912395,
            "settle": 370795.839065147
        },
        {
            "time": "13:16:15",
            "full_time": "2026-02-20 13:16:15",
            "order_time": "2026-02-20 13:16:13",
            "ai": "수집 잼",
            "coin": "ZRX",
            "market": "KRW",
            "side": "매수",
            "qty": 1930.7764701103888,
            "price": 158.0,
            "tot": 305062.68227744143,
            "fee": 152.5313411387207,
            "settle": 305215.21361858014
        },
        {
            "time": "13:16:14",
            "full_time": "2026-02-20 13:16:14",
            "order_time": "2026-02-20 13:16:13",
            "ai": "전략 잼",
            "coin": "ETH",
            "market": "KRW",
            "side": "매수",
            "qty": 0.20019804735900287,
            "price": 2870000.0,
            "tot": 574568.3959203382,
            "fee": 287.28419796016914,
            "settle": 574855.6801182984
        },
        {
            "time": "13:16:13",
            "full_time": "2026-02-20 13:16:13",
            "order_time": "2026-02-20 13:16:12",
            "ai": "전략 잼",
            "coin": "ZRX",
            "market": "KRW",
            "side": "매수",
            "qty": 3952.7269944987493,
            "price": 158.0,
            "tot": 624530.8651308024,
            "fee": 312.26543256540117,
            "settle": 624843.1305633677
        },
        {
            "time": "13:16:12",
            "full_time": "2026-02-20 13:16:12",
            "order_time": "2026-02-20 13:16:10",
            "ai": "타이밍 잼",
            "coin": "SOL",
            "market": "KRW",
            "side": "매도",
            "qty": 5.452046448809214,
            "price": 121900.0,
            "tot": 664604.4621098432,
            "fee": 332.3022310549216,
            "settle": 664272.1598787883
        },
        {
            "time": "13:16:11",
            "full_time": "2026-02-20 13:16:11",
            "order_time": "2026-02-20 13:16:09",
            "ai": "수집 잼",
            "coin": "ETH",
            "market": "KRW",
            "side": "매도",
            "qty": 0.15733974165699968,
            "price": 2870000.0,
            "tot": 451565.0585555891,
            "fee": 225.78252927779457,
            "settle": 451339.27602631133
        },
        {
            "time": "13:16:10",
            "full_time": "2026-02-20 13:16:10",
            "order_time": "2026-02-20 13:16:09",
            "ai": "정렬 잼",
            "coin": "ONDO",
            "market": "KRW",
            "side": "매도",
            "qty": 1089.972937313893,
            "price": 387.0,
            "tot": 421819.5267404766,
            "fee": 210.9097633702383,
            "settle": 421608.6169771064
        },
        {
            "time": "13:16:09",
            "full_time": "2026-02-20 13:16:09",
            "order_time": "2026-02-20 13:16:08",
            "ai": "전략 잼",
            "coin": "XRP",
            "market": "KRW",
            "side": "매도",
            "qty": 279.0523188067444,
            "price": 2074.0,
            "tot": 578754.5092051879,
            "fee": 289.37725460259395,
            "settle": 578465.1319505853
        },
        {
            "time": "13:16:08",
            "full_time": "2026-02-20 13:16:08",
            "order_time": "2026-02-20 13:16:06",
            "ai": "타이밍 잼",
            "coin": "BTC",
            "market": "KRW",
            "side": "매수",
            "qty": 0.009916111741179259,
            "price": 99141000.0,
            "tot": 983093.2341322529,
            "fee": 491.54661706612643,
            "settle": 983584.780749319
        },
        {
            "time": "13:16:05",
            "full_time": "2026-02-20 13:16:05",
            "order_time": "2026-02-20 13:16:04",
            "ai": "타이밍 잼",
            "coin": "ZRX",
            "market": "KRW",
            "side": "매도",
            "qty": 3719.5369003141304,
            "price": 158.0,
            "tot": 587686.8302496326,
            "fee": 293.8434151248163,
            "settle": 587392.9868345078
        },
        {
            "time": "13:16:04",
            "full_time": "2026-02-20 13:16:04",
            "order_time": "2026-02-20 13:16:02",
            "ai": "정렬 잼",
            "coin": "BTC",
            "market": "KRW",
            "side": "매수",
            "qty": 0.0037110309926608946,
            "price": 99141000.0,
            "tot": 367915.32364339376,
            "fee": 183.9576618216969,
            "settle": 368099.28130521544
        },
        {
            "time": "13:16:03",
            "full_time": "2026-02-20 13:16:03",
            "order_time": "2026-02-20 13:16:02",
            "ai": "가디언 잼",
            "coin": "BTC",
            "market": "KRW",
            "side": "매수",
            "qty": 0.0022726301407760595,
            "price": 99141000.0,
            "tot": 225310.82478667932,
            "fee": 112.65541239333966,
            "settle": 225423.48019907266
        },
        {
            "time": "13:16:02",
            "full_time": "2026-02-20 13:16:02",
            "order_time": "2026-02-20 13:16:01",
            "ai": "정렬 잼",
            "coin": "ETH",
            "market": "KRW",
            "side": "매도",
            "qty": 0.1599141042091676,
            "price": 2870000.0,
            "tot": 458953.479080311,
            "fee": 229.4767395401555,
            "settle": 458724.00234077085
        },
        {
            "time": "13:16:01",
            "full_time": "2026-02-20 13:16:01",
            "order_time": "2026-02-20 13:15:59",
            "ai": "전략 잼",
            "coin": "SUI",
            "market": "KRW",
            "side": "매도",
            "qty": 64.71896804123057,
            "price": 1378.0,
            "tot": 89182.73796081572,
            "fee": 44.591368980407864,
            "settle": 89138.1465918353
        },
        {
            "time": "13:16:00",
            "full_time": "2026-02-20 13:16:00",
            "order_time": "2026-02-20 13:15:59",
            "ai": "타이밍 잼",
            "coin": "SUI",
            "market": "KRW",
            "side": "매수",
            "qty": 809.0677567197337,
            "price": 1378.0,
            "tot": 1114895.368759793,
            "fee": 557.4476843798965,
            "settle": 1115452.816444173
        },
        {
            "time": "13:15:59",
            "full_time": "2026-02-20 13:15:59",
            "order_time": "2026-02-20 13:15:57",
            "ai": "가디언 잼",
            "coin": "XRP",
            "market": "KRW",
            "side": "매수",
            "qty": 543.1794233044342,
            "price": 2074.0,
            "tot": 1126554.1239333965,
            "fee": 563.2770619666983,
            "settle": 1127117.4009953632
        },
        {
            "time": "13:15:58",
            "full_time": "2026-02-20 13:15:58",
            "order_time": "2026-02-20 13:15:57",
            "ai": "정렬 잼",
            "coin": "ONDO",
            "market": "KRW",
            "side": "매수",
            "qty": 938.304500719103,
            "price": 387.0,
            "tot": 363123.84177829284,
            "fee": 181.56192088914642,
            "settle": 363305.403699182
        },
        {
            "time": "13:15:58",
            "full_time": "2026-02-20 13:15:58",
            "order_time": "2026-02-20 13:15:56",
            "ai": "전략 잼",
            "coin": "SUI",
            "market": "KRW",
            "side": "매도",
            "qty": 107.86494673538428,
            "price": 1378.0,
            "tot": 148637.89660135953,
            "fee": 74.31894830067976,
            "settle": 148563.57765305886
        },
        {
            "time": "13:15:57",
            "full_time": "2026-02-20 13:15:57",
            "order_time": "2026-02-20 13:15:56",
            "ai": "가디언 잼",
            "coin": "ETH",
            "market": "KRW",
            "side": "매도",
            "qty": 0.22522267918885008,
            "price": 2869000.0,
            "tot": 646163.8665928108,
            "fee": 323.08193329640545,
            "settle": 645840.7846595144
        },
        {
            "time": "13:15:55",
            "full_time": "2026-02-20 13:15:55",
            "order_time": "2026-02-20 13:15:53",
            "ai": "수집 잼",
            "coin": "SOL",
            "market": "KRW",
            "side": "매수",
            "qty": 2.4373117286424675,
            "price": 122000.0,
            "tot": 297352.03089438105,
            "fee": 148.67601544719054,
            "settle": 297500.70690982824
        },
        {
            "time": "13:15:55",
            "full_time": "2026-02-20 13:15:55",
            "order_time": "2026-02-20 13:15:53",
            "ai": "수집 잼",
            "coin": "ONDO",
            "market": "KRW",
            "side": "매도",
            "qty": 871.7606684484718,
            "price": 387.0,
            "tot": 337371.3786895586,
            "fee": 168.6856893447793,
            "settle": 337202.6930002138
        },
        {
            "time": "13:15:54",
            "full_time": "2026-02-20 13:15:54",
            "order_time": "2026-02-20 13:15:53",
            "ai": "전략 잼",
            "coin": "ZRX",
            "market": "KRW",
            "side": "매도",
            "qty": 4409.3519103109775,
            "price": 158.0,
            "tot": 696677.6018291344,
            "fee": 348.33880091456723,
            "settle": 696329.2630282198
        },
        {
            "time": "13:15:53",
            "full_time": "2026-02-20 13:15:53",
            "order_time": "2026-02-20 13:15:52",
            "ai": "전략 잼",
            "coin": "BTC",
            "market": "KRW",
            "side": "매도",
            "qty": 0.01171847969346073,
            "price": 99142000.0,
            "tot": 1161793.5137690837,
            "fee": 580.8967568845418,
            "settle": 1161212.617012199
        },
        {
            "time": "13:15:52",
            "full_time": "2026-02-20 13:15:52",
            "order_time": "2026-02-20 13:15:50",
            "ai": "가디언 잼",
            "coin": "XRP",
            "market": "KRW",
            "side": "매수",
            "qty": 126.60539652865594,
            "price": 2073.0,
            "tot": 262452.9870039038,
            "fee": 131.2264935019519,
            "settle": 262584.21349740576
        },
        {
            "time": "13:15:51",
            "full_time": "2026-02-20 13:15:51",
            "order_time": "2026-02-20 13:15:49",
            "ai": "전략 잼",
            "coin": "ONDO",
            "market": "KRW",
            "side": "매도",
            "qty": 863.4183870147119,
            "price": 387.0,
            "tot": 334142.91577469354,
            "fee": 167.07145788734678,
            "settle": 333975.8443168062
        },
        {
            "time": "13:15:49",
            "full_time": "2026-02-20 13:15:49",
            "order_time": "2026-02-20 13:15:48",
            "ai": "수집 잼",
            "coin": "BTC",
            "market": "KRW",
            "side": "매도",
            "qty": 0.014906410085290497,
            "price": 99141000.0,
            "tot": 1477836.4022657853,
            "fee": 738.9182011328926,
            "settle": 1477097.4840646524
        },
        {
            "time": "13:15:48",
            "full_time": "2026-02-20 13:15:48",
            "order_time": "2026-02-20 13:15:47",
            "ai": "가디언 잼",
            "coin": "ONDO",
            "market": "KRW",
            "side": "매도",
            "qty": 2129.4445853804805,
            "price": 387.0,
            "tot": 824095.0545422459,
            "fee": 412.047527271123,
            "settle": 823683.0070149748
        },
        {
            "time": "13:15:47",
            "full_time": "2026-02-20 13:15:47",
            "order_time": "2026-02-20 13:15:45",
            "ai": "가디언 잼",
            "coin": "ZRX",
            "market": "KRW",
            "side": "매도",
            "qty": 5556.63067213888,
            "price": 158.0,
            "tot": 877947.646197943,
            "fee": 438.97382309897154,
            "settle": 877508.6723748441
        },
        {
            "time": "13:15:46",
            "full_time": "2026-02-20 13:15:46",
            "order_time": "2026-02-20 13:15:44",
            "ai": "가디언 잼",
            "coin": "SOL",
            "market": "KRW",
            "side": "매수",
            "qty": 1.5302057978161718,
            "price": 122000.0,
            "tot": 186685.10733357296,
            "fee": 93.34255366678649,
            "settle": 186778.44988723975
        },
        {
            "time": "13:15:46",
            "full_time": "2026-02-20 13:15:46",
            "order_time": "2026-02-20 13:15:45",
            "ai": "타이밍 잼",
            "coin": "ONDO",
            "market": "KRW",
            "side": "매수",
            "qty": 606.4982286194985,
            "price": 387.0,
            "tot": 234714.81447574592,
            "fee": 117.35740723787296,
            "settle": 234832.1718829838
        },
        {
            "time": "13:15:45",
            "full_time": "2026-02-20 13:15:45",
            "order_time": "2026-02-20 13:15:43",
            "ai": "정렬 잼",
            "coin": "SUI",
            "market": "KRW",
            "side": "매수",
            "qty": 277.3843417449338,
            "price": 1378.0,
            "tot": 382235.6229245188,
            "fee": 191.1178114622594,
            "settle": 382426.74073598103
        },
        {
            "time": "13:15:44",
            "full_time": "2026-02-20 13:15:44",
            "order_time": "2026-02-20 13:15:42",
            "ai": "전략 잼",
            "coin": "ONDO",
            "market": "KRW",
            "side": "매수",
            "qty": 1077.9567776642527,
            "price": 387.0,
            "tot": 417169.27295606583,
            "fee": 208.58463647803293,
            "settle": 417377.8575925439
        },
        {
            "time": "13:15:43",
            "full_time": "2026-02-20 13:15:43",
            "order_time": "2026-02-20 13:15:41",
            "ai": "전략 잼",
            "coin": "ONDO",
            "market": "KRW",
            "side": "매도",
            "qty": 720.3927932483514,
            "price": 387.0,
            "tot": 278792.010987112,
            "fee": 139.396005493556,
            "settle": 278652.6149816185
        },
        {
            "time": "13:15:43",
            "full_time": "2026-02-20 13:15:43",
            "order_time": "2026-02-20 13:15:42",
            "ai": "타이밍 잼",
            "coin": "ONDO",
            "market": "KRW",
            "side": "매도",
            "qty": 3407.939298110091,
            "price": 387.0,
            "tot": 1318872.5083686053,
            "fee": 659.4362541843027,
            "settle": 1318213.072114421
        },
        {
            "time": "13:15:42",
            "full_time": "2026-02-20 13:15:42",
            "order_time": "2026-02-20 13:15:41",
            "ai": "전략 잼",
            "coin": "XRP",
            "market": "KRW",
            "side": "매수",
            "qty": 207.043935525649,
            "price": 2073.0,
            "tot": 429202.0783446704,
            "fee": 214.60103917233522,
            "settle": 429416.67938384274
        },
        {
            "time": "13:15:41",
            "full_time": "2026-02-20 13:15:41",
            "order_time": "2026-02-20 13:15:40",
            "ai": "전략 잼",
            "coin": "SOL",
            "market": "KRW",
            "side": "매수",
            "qty": 3.8239671983666286,
            "price": 122000.0,
            "tot": 466523.9982007287,
            "fee": 233.26199910036433,
            "settle": 466757.26019982906
        },
        {
            "time": "13:15:40",
            "full_time": "2026-02-20 13:15:40",
            "order_time": "2026-02-20 13:15:39",
            "ai": "가디언 잼",
            "coin": "SOL",
            "market": "KRW",
            "side": "매도",
            "qty": 9.80551946032383,
            "price": 122000.0,
            "tot": 1196273.3741595072,
            "fee": 598.1366870797536,
            "settle": 1195675.2374724275
        },
        {
            "time": "13:15:39",
            "full_time": "2026-02-20 13:15:39",
            "order_time": "2026-02-20 13:15:37",
            "ai": "수집 잼",
            "coin": "XRP",
            "market": "KRW",
            "side": "매도",
            "qty": 262.52322519940304,
            "price": 2073.0,
            "tot": 544210.6458383625,
            "fee": 272.1053229191813,
            "settle": 543938.5405154433
        },
        {
            "time": "13:15:38",
            "full_time": "2026-02-20 13:15:38",
            "order_time": "2026-02-20 13:15:36",
            "ai": "가디언 잼",
            "coin": "XRP",
            "market": "KRW",
            "side": "매도",
            "qty": 415.0737720351992,
            "price": 2073.0,
            "tot": 860447.929428968,
            "fee": 430.223964714484,
            "settle": 860017.7054642536
        },
        {
            "time": "13:15:37",
            "full_time": "2026-02-20 13:15:37",
            "order_time": "2026-02-20 13:15:36",
            "ai": "수집 잼",
            "coin": "XRP",
            "market": "KRW",
            "side": "매수",
            "qty": 91.08645469555726,
            "price": 2073.0,
            "tot": 188822.22058389022,
            "fee": 94.4111102919451,
            "settle": 188916.63169418217
        }
    ]
}